Threshold,Sensitivity_Percent,Specificity_Percent,PPV_Percent,NPV_Percent,F1_Percent,Accuracy_Percent
0.01,94.8051948051948,91.5094339622642,89.0243902439024,96.039603960396,91.8238993710692,92.896174863388
0.02,94.1558441558442,91.9811320754717,89.5061728395062,95.5882352941177,91.7721518987342,92.896174863388
0.03,94.1558441558442,93.3962264150943,91.1949685534591,95.6521739130435,92.6517571884984,93.7158469945355
0.04,94.1558441558442,93.8679245283019,91.7721518987342,95.6730769230769,92.948717948718,93.9890710382514
0.05,93.5064935064935,94.811320754717,92.9032258064516,95.260663507109,93.2038834951456,94.2622950819672
0.06,92.8571428571429,94.811320754717,92.8571428571429,94.811320754717,92.8571428571429,93.9890710382514
0.07,92.8571428571429,94.811320754717,92.8571428571429,94.811320754717,92.8571428571429,93.9890710382514
0.08,92.8571428571429,94.811320754717,92.8571428571429,94.811320754717,92.8571428571429,93.9890710382514
0.09,92.8571428571429,94.811320754717,92.8571428571429,94.811320754717,92.8571428571429,93.9890710382514
0.1,92.8571428571429,94.811320754717,92.8571428571429,94.811320754717,92.8571428571429,93.9890710382514
0.11,92.8571428571429,94.811320754717,92.8571428571429,94.811320754717,92.8571428571429,93.9890710382514
0.12,92.8571428571429,94.811320754717,92.8571428571429,94.811320754717,92.8571428571429,93.9890710382514
0.13,92.8571428571429,95.2830188679245,93.4640522875817,94.8356807511737,93.1596091205212,94.2622950819672
0.14,92.8571428571429,95.2830188679245,93.4640522875817,94.8356807511737,93.1596091205212,94.2622950819672
0.15,92.8571428571429,95.2830188679245,93.4640522875817,94.8356807511737,93.1596091205212,94.2622950819672
0.16,92.8571428571429,95.2830188679245,93.4640522875817,94.8356807511737,93.1596091205212,94.2622950819672
0.17,92.8571428571429,95.2830188679245,93.4640522875817,94.8356807511737,93.1596091205212,94.2622950819672
0.18,92.8571428571429,95.2830188679245,93.4640522875817,94.8356807511737,93.1596091205212,94.2622950819672
0.19,92.8571428571429,95.2830188679245,93.4640522875817,94.8356807511737,93.1596091205212,94.2622950819672
0.2,92.2077922077922,95.7547169811321,94.0397350993377,94.4186046511628,93.1147540983606,94.2622950819672
0.21,92.2077922077922,95.7547169811321,94.0397350993377,94.4186046511628,93.1147540983606,94.2622950819672
0.22,92.2077922077922,96.2264150943396,94.6666666666667,94.4444444444444,93.4210526315789,94.5355191256831
0.23,92.2077922077922,96.2264150943396,94.6666666666667,94.4444444444444,93.4210526315789,94.5355191256831
0.24,91.5584415584416,96.2264150943396,94.6308724832215,94.0092165898618,93.0693069306931,94.2622950819672
0.25,91.5584415584416,96.2264150943396,94.6308724832215,94.0092165898618,93.0693069306931,94.2622950819672
0.26,91.5584415584416,96.2264150943396,94.6308724832215,94.0092165898618,93.0693069306931,94.2622950819672
0.27,91.5584415584416,96.2264150943396,94.6308724832215,94.0092165898618,93.0693069306931,94.2622950819672
0.28,91.5584415584416,96.2264150943396,94.6308724832215,94.0092165898618,93.0693069306931,94.2622950819672
0.29,91.5584415584416,96.6981132075472,95.2702702702703,94.0366972477064,93.3774834437086,94.5355191256831
0.3,91.5584415584416,96.6981132075472,95.2702702702703,94.0366972477064,93.3774834437086,94.5355191256831
0.31,91.5584415584416,96.6981132075472,95.2702702702703,94.0366972477064,93.3774834437086,94.5355191256831
0.32,90.9090909090909,96.6981132075472,95.2380952380952,93.6073059360731,93.0232558139535,94.2622950819672
0.33,90.2597402597403,96.6981132075472,95.2054794520548,93.1818181818182,92.6666666666667,93.9890710382514
0.34,90.2597402597403,96.6981132075472,95.2054794520548,93.1818181818182,92.6666666666667,93.9890710382514
0.35,90.2597402597403,96.6981132075472,95.2054794520548,93.1818181818182,92.6666666666667,93.9890710382514
0.36,90.2597402597403,96.6981132075472,95.2054794520548,93.1818181818182,92.6666666666667,93.9890710382514
0.37,89.6103896103896,96.6981132075472,95.1724137931034,92.7601809954751,92.3076923076923,93.7158469945355
0.38,89.6103896103896,96.6981132075472,95.1724137931034,92.7601809954751,92.3076923076923,93.7158469945355
0.39,89.6103896103896,96.6981132075472,95.1724137931034,92.7601809954751,92.3076923076923,93.7158469945355
0.4,89.6103896103896,96.6981132075472,95.1724137931034,92.7601809954751,92.3076923076923,93.7158469945355
0.41,89.6103896103896,96.6981132075472,95.1724137931034,92.7601809954751,92.3076923076923,93.7158469945355
0.42,89.6103896103896,96.6981132075472,95.1724137931034,92.7601809954751,92.3076923076923,93.7158469945355
0.43,89.6103896103896,96.6981132075472,95.1724137931034,92.7601809954751,92.3076923076923,93.7158469945355
0.44,89.6103896103896,96.6981132075472,95.1724137931034,92.7601809954751,92.3076923076923,93.7158469945355
0.45,89.6103896103896,97.1698113207547,95.8333333333333,92.7927927927928,92.6174496644295,93.9890710382514
0.46,89.6103896103896,97.1698113207547,95.8333333333333,92.7927927927928,92.6174496644295,93.9890710382514
0.47,89.6103896103896,97.1698113207547,95.8333333333333,92.7927927927928,92.6174496644295,93.9890710382514
0.48,89.6103896103896,97.1698113207547,95.8333333333333,92.7927927927928,92.6174496644295,93.9890710382514
0.49,89.6103896103896,97.1698113207547,95.8333333333333,92.7927927927928,92.6174496644295,93.9890710382514
0.5,89.6103896103896,97.1698113207547,95.8333333333333,92.7927927927928,92.6174496644295,93.9890710382514
0.51,89.6103896103896,97.1698113207547,95.8333333333333,92.7927927927928,92.6174496644295,93.9890710382514
0.52,89.6103896103896,97.1698113207547,95.8333333333333,92.7927927927928,92.6174496644295,93.9890710382514
0.53,89.6103896103896,97.1698113207547,95.8333333333333,92.7927927927928,92.6174496644295,93.9890710382514
0.54,89.6103896103896,97.1698113207547,95.8333333333333,92.7927927927928,92.6174496644295,93.9890710382514
0.55,89.6103896103896,97.1698113207547,95.8333333333333,92.7927927927928,92.6174496644295,93.9890710382514
0.56,89.6103896103896,97.1698113207547,95.8333333333333,92.7927927927928,92.6174496644295,93.9890710382514
0.57,89.6103896103896,97.1698113207547,95.8333333333333,92.7927927927928,92.6174496644295,93.9890710382514
0.58,89.6103896103896,97.1698113207547,95.8333333333333,92.7927927927928,92.6174496644295,93.9890710382514
0.59,88.961038961039,97.1698113207547,95.8041958041958,92.3766816143498,92.2558922558923,93.7158469945355
0.6,88.961038961039,97.1698113207547,95.8041958041958,92.3766816143498,92.2558922558923,93.7158469945355
0.61,88.961038961039,97.6415094339623,96.4788732394366,92.4107142857143,92.5675675675676,93.9890710382514
0.62,88.961038961039,97.6415094339623,96.4788732394366,92.4107142857143,92.5675675675676,93.9890710382514
0.63,88.961038961039,97.6415094339623,96.4788732394366,92.4107142857143,92.5675675675676,93.9890710382514
0.64,88.3116883116883,97.6415094339623,96.4539007092199,92,92.2033898305085,93.7158469945355
0.65,87.6623376623377,97.6415094339623,96.4285714285714,91.5929203539823,91.8367346938776,93.4426229508197
0.66,87.6623376623377,97.6415094339623,96.4285714285714,91.5929203539823,91.8367346938776,93.4426229508197
0.67,87.6623376623377,97.6415094339623,96.4285714285714,91.5929203539823,91.8367346938776,93.4426229508197
0.68,87.6623376623377,97.6415094339623,96.4285714285714,91.5929203539823,91.8367346938776,93.4426229508197
0.69,87.6623376623377,97.6415094339623,96.4285714285714,91.5929203539823,91.8367346938776,93.4426229508197
0.7,87.6623376623377,97.6415094339623,96.4285714285714,91.5929203539823,91.8367346938776,93.4426229508197
0.71,87.6623376623377,97.6415094339623,96.4285714285714,91.5929203539823,91.8367346938776,93.4426229508197
0.72,87.6623376623377,97.6415094339623,96.4285714285714,91.5929203539823,91.8367346938776,93.4426229508197
0.73,87.012987012987,97.6415094339623,96.4028776978417,91.1894273127753,91.4675767918089,93.1693989071038
0.74,87.012987012987,97.6415094339623,96.4028776978417,91.1894273127753,91.4675767918089,93.1693989071038
0.75,87.012987012987,97.6415094339623,96.4028776978417,91.1894273127753,91.4675767918089,93.1693989071038
0.76,87.012987012987,97.6415094339623,96.4028776978417,91.1894273127753,91.4675767918089,93.1693989071038
0.77,87.012987012987,97.6415094339623,96.4028776978417,91.1894273127753,91.4675767918089,93.1693989071038
0.78,87.012987012987,97.6415094339623,96.4028776978417,91.1894273127753,91.4675767918089,93.1693989071038
0.79,87.012987012987,97.6415094339623,96.4028776978417,91.1894273127753,91.4675767918089,93.1693989071038
0.8,86.3636363636364,97.6415094339623,96.3768115942029,90.7894736842105,91.0958904109589,92.896174863388
0.81,85.7142857142857,97.6415094339623,96.3503649635037,90.3930131004367,90.7216494845361,92.6229508196721
0.82,85.7142857142857,97.6415094339623,96.3503649635037,90.3930131004367,90.7216494845361,92.6229508196721
0.83,85.7142857142857,97.6415094339623,96.3503649635037,90.3930131004367,90.7216494845361,92.6229508196721
0.84,85.7142857142857,97.6415094339623,96.3503649635037,90.3930131004367,90.7216494845361,92.6229508196721
0.85,85.7142857142857,97.6415094339623,96.3503649635037,90.3930131004367,90.7216494845361,92.6229508196721
0.86,85.7142857142857,97.6415094339623,96.3503649635037,90.3930131004367,90.7216494845361,92.6229508196721
0.87,85.0649350649351,97.6415094339623,96.3235294117647,90,90.3448275862069,92.3497267759563
0.88,84.4155844155844,97.6415094339623,96.2962962962963,89.6103896103896,89.9653979238754,92.0765027322404
0.89,84.4155844155844,97.6415094339623,96.2962962962963,89.6103896103896,89.9653979238754,92.0765027322404
0.9,84.4155844155844,97.6415094339623,96.2962962962963,89.6103896103896,89.9653979238754,92.0765027322404
0.91,84.4155844155844,97.6415094339623,96.2962962962963,89.6103896103896,89.9653979238754,92.0765027322404
0.92,83.7662337662338,97.6415094339623,96.2686567164179,89.2241379310345,89.5833333333333,91.8032786885246
0.93,83.7662337662338,97.6415094339623,96.2686567164179,89.2241379310345,89.5833333333333,91.8032786885246
0.94,83.1168831168831,97.6415094339623,96.2406015037594,88.8412017167382,89.198606271777,91.5300546448087
0.95,82.4675324675325,97.6415094339623,96.2121212121212,88.4615384615385,88.8111888111888,91.2568306010929
0.96,81.8181818181818,97.6415094339623,96.1832061068702,88.0851063829787,88.4210526315789,90.983606557377
0.97,80.5194805194805,97.6415094339623,96.1240310077519,87.3417721518987,87.6325088339223,90.4371584699454
0.98,79.2207792207792,97.6415094339623,96.0629921259843,86.6108786610879,86.8327402135231,89.8907103825137
0.99,77.2727272727273,97.6415094339623,95.9677419354839,85.5371900826446,85.6115107913669,89.0710382513661
